accuracy,f1_score,precision_score,kappa_score,recall_score
0.7561890606848014,0.7617974825306674,0.779397629213054,0.5026173493496081,0.7511601037404362
